{
    "Catch!": [
        {
            "Shapes": 222
        }
    ],
    "Go!": [
        {
            "Time": 154.3081512451172
        }
    ],
    "Shape?": [
        {
            "Time": 138.9971160888672
        }
    ],
    "Sunwave": [
        {
            "Shapes": 75,
            "Time": 214.06919860839844
        }
    ]
}