{
    "Catch!": [
        {
            "Shapes": 221
        }
    ],
    "Go!": [
        {
            "Time": 141.63467407226563
        }
    ],
    "Shape?": [
        {
            "Time": 78.62628936767578
        }
    ],
    "Sunwave": [
        {
            "Shapes": 71,
            "Time": 230.64041137695313
        }
    ]
}