{
    "Catch!": [
        {
            "Shapes": 223
        }
    ],
    "Go!": [
        {
            "Time": 154.3081512451172
        }
    ],
    "Shape?": [
        {
            "Time": 95.56028747558594
        }
    ],
    "Sunwave": [
        {
            "Shapes": 75,
            "Time": 214.06919860839844
        }
    ]
}