{
    "Catch!": [
        {
            "Shapes": 221
        }
    ],
    "Go!": [
        {
            "Time": 173.86178588867188
        }
    ],
    "Shape?": [
        {
            "Time": 99.05561065673828
        }
    ],
    "Sunwave": [
        {
            "Shapes": 75,
            "Time": 189.16981506347656
        }
    ]
}