{
    "Catch!": [
        {
            "Shapes": 222
        }
    ],
    "Go!": [
        {
            "Time": 154.3081512451172
        }
    ],
    "Shape?": [
        {
            "Time": 232.7064666748047
        }
    ],
    "Sunwave": [
        {
            "Shapes": 73,
            "Time": 235.89332580566406
        }
    ]
}